<?xml version="1.0" encoding="utf-8"?>
<addon id="plugin.video.g2" name="G2" provider-name="J0rdyZ65" version="0.0.4">
	<requires>
		<import addon="xbmc.python" version="2.20.0"/>
		<import addon="script.module.requests" version="2.9.1"/>
		<import addon="script.module.rpyc" optional="true" version="3.4.4"/>
		<import addon="script.module.unidecode" optional="true"/>
	</requires>
	<extension library="plugin.py" point="xbmc.python.pluginsource">
		<provides>video</provides>
	</extension>
	<extension library="service.py" point="xbmc.service" start="startup"/>
	<extension point="xbmc.addon.metadata">
		<summary lang="en">G2 is the Gio's own version of an once famous addon</summary>
		<description lang="en">G2 addon</description>
		<disclaimer lang="en">The author does not host or distribute any of the content displayed by this addon. The author does not have any affiliation with the content provider.</disclaimer>
		<platform>all</platform>
	</extension>
	<news>v0.0.4 (2017-12-22)

New features
------------
- Keyboard input history
- Keep Watching sections for movies and episodes
- Play local Kodi content if available
- Support for Kodi bookmarks
- Italian Streamers package
  - Rai**ay catalog search and app/browser launch
  - Net**ix catalog search and app/browser launch

Known issues
------------
- Sometime the view mode during directory pagination is not kept
- Movie search by year doesn't yield the expected result</news>
</addon>
