<?xml version="1.0" encoding="UTF-8"?>
<window>
	<defaultcontrol always="true">201</defaultcontrol>
	<zorder>0</zorder>
	<coordinates>
		<posx>170</posx>
	    <posy>180</posy>
	</coordinates>
	<controls>
		<!-- Background -->
		<control type="image" id="1">
			<left>-20</left>
			<top>-20</top>
            <width>980</width>
            <height>385</height>
            <texture border="40">bg.png</texture>
		</control>

		<!-- Window title -->
		<control type="label" id="101">
			<left>10</left>
			<top>10</top>
			<width>920</width>
			<height>20</height>
			<align>center</align>
			<font>font15_title</font>
		</control>

		<!-- Show the current edit vaulue -->
		<control type="button" id="201">
			<left>10</left>
			<top>35</top>
			<width>920</width>
			<align>center</align>
			<font>font30</font>
		</control>

        <!-- History buttons -->
        <control type="group" id="401">
			<left>10</left>
			<top>95</top>
			<width>920</width>
			<height>180</height>
			<onup>301</onup>
			<ondown>401</ondown>
			<onleft>401</onleft>
			<onright>401</onright>

			<!-- Template for dynamically created buttons -->
		    <control type="button" id="402">
		        <width>300</width>
		        <height>60</height>
		        <!-- This will be used as the font to use -->
		        <label>font30</label>
		        <visible>false</visible>
		    </control>
		</control>

	</controls>
</window>
