<?xml version="1.0" encoding="utf-8"?>
<addon id="plugin.video.g2" name="G2" provider-name="J0rdyZ65" version="0.0.6">
	<requires>
		<import addon="xbmc.python" version="2.24.0"/>
		<import addon="script.module.requests" version="2.9.1"/>
		<import addon="script.module.six"/>
		<import addon="script.module.rpyc" optional="true" version="3.4.4"/>
	</requires>
	<extension library="plugin.py" point="xbmc.python.pluginsource">
		<provides>video</provides>
	</extension>
	<extension library="service.py" point="xbmc.service" start="startup"/>
	<extension point="xbmc.addon.metadata">
		<summary lang="en">G2 is the Gio's own version of an once famous addon</summary>
		<description lang="en">G2 is the easiest way to access the video content out there.
The author does not host nor distribute any of the content displayed by this addon. The author does not have any affiliation with the content provider.</description>
		<description lang="it">G2 è il modo più semplice per accedere ai contenuti video presenti là fuori.
L'autore non ospita nè distribuisce alcuno dei contenuti mostrati da questo addon. L'autore non ha nessuna affiliazione con il fornitore dei contenuti.</description>
		<disclaimer lang="en">The author does not host nor distribute any of the content displayed by this addon. The author does not have any affiliation with the content provider.</disclaimer>
		<disclaimer lang="it">L'autore non ospita nè distribuisce alcuno dei contenuti mostrati da questo addon. L'autore non ha nessuna affiliazione con il fornitore dei contenuti.</disclaimer>
		<platform>all</platform>
	</extension>
	<news>v0.0.6 (2020-05-21)
Fixed issues
------------
- Removed the need for cloudflare bypass where possible

Known issues and limitations
----------------------------
- The watched status Kodi library sync for entire tvshows/seasons is disabled
- Cloudflare bypass not working with new IUAM javascript
	</news>
	<extension point="xbmc.addon.metadata">
		<reuselanguageinvoker>true</reuselanguageinvoker>
	</extension>
</addon>
