<?xml version="1.0" encoding="utf-8"?>
<addon id="plugin.video.g2" name="G2" provider-name="J0rdyZ65" version="0.0.7">
	<requires>
		<import addon="xbmc.python" version="2.24.0"/>
		<import addon="script.module.requests" version="2.9.1"/>
		<import addon="script.module.six"/>
		<import addon="script.module.rpyc" optional="true" version="3.4.4"/>
	</requires>
	<extension library="plugin.py" point="xbmc.python.pluginsource">
		<provides>video</provides>
	</extension>
	<extension library="service.py" point="xbmc.service" start="startup"/>
	<extension point="xbmc.addon.metadata">
		<summary lang="en">G2 is the Gio's own version of an once famous addon</summary>
		<description lang="en">G2 is the easiest way to access the video content out there.
The author does not host nor distribute any of the content displayed by this addon. The author does not have any affiliation with the content provider.</description>
		<description lang="it">G2 è il modo più semplice per accedere ai contenuti video presenti là fuori.
L'autore non ospita nè distribuisce alcuno dei contenuti mostrati da questo addon. L'autore non ha nessuna affiliazione con il fornitore dei contenuti.</description>
		<disclaimer lang="en">The author does not host nor distribute any of the content displayed by this addon. The author does not have any affiliation with the content provider.</disclaimer>
		<disclaimer lang="it">L'autore non ospita nè distribuisce alcuno dei contenuti mostrati da questo addon. L'autore non ha nessuna affiliazione con il fornitore dei contenuti.</disclaimer>
		<platform>all</platform>
	</extension>
	<news>v0.0.7 (09-Jun-2020)
New Features
------------
- Replaced tvdb with tmdb for tvshow metadata
- Added context menu command to remove a movie/tvshow from the Kodi video library

Fixed issues
------------
- Improved title matching for providers' search results
- For some tvshow, the seasons and/or episodes order was wrong

Known issues and limitations
----------------------------
- The watched status Kodi video library sync for entire tvshows/seasons is disabled
- Cloudflare bypass doesn't support the new IUAM javascript
</news>
	<extension point="xbmc.addon.metadata">
		<reuselanguageinvoker>true</reuselanguageinvoker>
	</extension>
</addon>
